LandscapeID,LandscapeName,Km_sq,Pop30_SSP2,Pop50_SSP2,KBA_km2,KBA_pct,Natural25_ha,Natural25_pct,Crop25_ha,Crop25_pct,Built25_ha,Built25_pct,Crop17_ha,CropExp17_25_ha,CropLoss17_25_ha,CropNet17_25_ha,CropPctChg17_25,Rain_91_20_mm,AGB22_MgHa,AGB22_Mt,AGB22_cov_pct,Protected_ha,Protected_pct,PopGrowth_pct,PopDens30,ProtectionGap,CropExpRate_ha_yr,CropNetRate_ha_yr,CropDirection,AGB_class,LabelShort
1,KAZA,86469.7,811114.6005,1157742.004,33472.65098,38.58835143,8521033.137,98.54429703,103998.5555,1.202725583,21874.71764,0.252977384,134212.9392,45814.40328,76028.78697,-30214.3837,-22.51227331,592.4760727,12.1604016,82.52297794,78.23355939,4782840,55.3,42.73470151891318,9.380333232334563,16.711648569999994,5726.80041,-3776.7979625,Net contraction,Low,KAZA
2,Samburu,26123.2,1679730.708,2010205.483,4007.2900760000002,15.271358,2163948.344,82.85728381,377309.6747,14.44713543,70399.33284,2.69558075,330302.3138,97871.9069,50909.975,46961.9319,14.21786343,754.6112469,34.84551751,69.94332765,76.49380231,1260050,48.2,19.674271204667402,64.30034253077724,32.928642,12233.9883625,5870.2414875,Net expansion,Medium,Samburu
3,Kilimanjaro,24649.4,1301653.208,1703062.816,6369.584189,25.72590951,2234450.185,90.68792524,181912.6072,7.383148226,47526.61659,1.928926535,83702.15687,118274.4887,20445.97941,97828.50931,116.8769276,694.1661753,38.98489603,71.01878893,73.57606164,1141180,46.3,30.838444950845922,52.80668933118048,20.574090489999996,14784.3110875,12228.56366375,Net expansion,Medium,Kilimanjaro
4,Ruaha,60085.9,529629.2776,624041.5721,14710.06069,24.37742949,5944844.632,98.93999829,54086.77585,0.900165747,9603.800283,0.159835966,35026.38965,36024.78684,16964.40064,19060.3862,54.41721625,702.6433328,25.3492851,140.5805385,91.90368622,4284960,71.3,17.826109411440882,8.81453515050952,46.92257051,4503.098355,2382.548275,Net expansion,Medium,Ruaha
5,Bale,14582.4,1439096.261,1812955.805,9721.72647,66.38180015,1008354.489,69.19555353,418403.1844,28.7117678,30495.62904,2.092678671,357658.5603,79538.39178,18793.76761,60744.62417,16.98397045,967.2319472,98.59496569,126.2274043,87.41873934,891314,61.1,25.978772520763293,98.6872024495282,-5.281800150000002,9942.2989725,7593.07802125,Net expansion,High,Bale
6,Katavi,119043,2431476.394,3169018.049,24064.35105,20.12754669,11655800.76,97.91272938,208220.8149,1.749126356,40253.62346,0.338144262,131590.5945,138621.817,62003.30285,76618.51412,58.22491675,1012.251898,44.37761389,469.6827525,88.52325073,7473790,62.8,30.333078981148454,20.425194207135235,42.672453309999995,17327.727125,9577.314265,Net expansion,Medium,Katavi
7,Rift Valley,1611.58,755812.519,1026246.344,503.2857433,31.08961131,88225.99662,54.7535562,51506.58628,31.96528093,21400.32377,13.28116287,46710.6152,12303.13507,7513.371566,4789.763506,10.25412208,921.7307707,51.45574258,6.690170555,80.31635742,37954,23.6,35.78054321696146,468.98851996177666,-7.489611309999997,1537.89188375,598.72043825,Net expansion,High,Rift Valley
8,Tai-Sapo Forest,54191.7,1247618.996,1372885.574,25190.8867,46.28317744,5397293.642,99.63024428,2850.004884,0.052609086,17180.86241,0.317146635,1583.031419,2145.139401,884.347321,1260.79208,79.64416022,2302.524375,234.2542611,1274.870862,99.99042346,1302220,24,10.040451323811038,23.022326223388454,-22.283177440000003,268.142425125,157.59901,Net expansion,High,Tai-Sapo Forest
9,Niokola-Koba,18408.2,331602.9865,352529.0335,8703.097017,47.09818706,1802576.003,97.92321284,31353.66787,1.703257942,6875.946863,0.37352922,39561.11786,8782.404068,16989.85405,-8207.449984,-20.74625397,1066.658059,20.40251355,35.54224941,94.27392754,1017009,55.2,6.310572537620985,18.013873518323354,8.101812940000002,1097.8005085,-1025.931248,Net contraction,Low,Niokola-Koba
10,Badingalo,15728.2,458695.5373,527811.7804,12159.02869,76.97084073,1567566.067,99.6665904,2916.28903,0.185419033,2327.61034,0.147990564,1886.068849,2456.814001,1426.593821,1030.220181,54.6226179,917.7407195,19.18658104,8.830121939,29.13375445,1210044,76.9,15.067999899636265,29.163892708637988,-0.07084073000000046,307.101750125,128.777522625,Net expansion,Low,Badingalo
11,The Sudd,61599.4,2102473.004,2776406.39,21030.64249,33.99838104,6130165.345,99.51859213,26091.70277,0.423579036,3562.151353,0.05782883,18228.89111,22951.77269,15095.11035,7856.662337,43.10005633,857.0675634,15.07375322,68.78776823,73.7726722,1198820,19.5,32.05431816331659,34.13138770832184,-14.498381039999998,2868.97158625,982.082792125,Net expansion,Low,The Sudd
12,Skeleton Coast-Etosha,201575,435197.213,642985.3742,39616.8332,19.59239914,19237332.76,99.52723333,80312.42602,0.415508411,11067.28347,0.057258255,12738.57349,72979.99352,5406.140992,67573.85253,530.4664023,184.9450638,16.90884941,89.62785834,26.21421309,14569280,72.3,47.745747213689064,2.158984065484311,52.70760086,9122.49919,8446.73156625,Net expansion,Low,Skeleton Coast-Etosha
13,Bouba-Sena Oura,10238.6,272298.7706,303493.3765,0,0,959647.2773,93.7297124,62359.19029,6.090684681,1838.856116,0.179602922,70352.84258,30974.84279,38968.49507,-7993.652284,-11.36223071,1081.062586,12.86847296,11.99163814,90.63611647,284090,27.7,11.45602157191672,26.59531289434102,27.7,3871.85534875,-999.2065355,Net contraction,Low,Bouba-Sena Oura
14,Gouda-St. Floris,45660.9,49525.61693,66272.83841,29078.80516,63.42065135,4559731.633,99.86226103,5340.062898,0.116952224,949.1271381,0.020786746,1276.292707,4843.837144,780.0669535,4063.77019,318.4042475,1088.514532,41.13114774,182.4320829,96.73519889,3069880,67.2,33.81527079949492,1.084639525940137,3.779348650000003,605.479643,507.97127375,Net expansion,Medium,Gouda-St. Floris
15,Boma-Gambella,55159.1,1158579.465,1518841.415,22069.55874,39.83973509,5491158.594,99.55265724,18741.51327,0.339776645,5933.167496,0.107566114,23292.38718,12075.51603,16638.6886,-4563.172572,-19.59083256,1036.914545,33.65727176,121.6485441,65.24553527,3239600,58.7,31.095143741391958,21.004321408434876,18.860264910000005,1509.43950375,-570.3965715,Net contraction,Medium,Boma-Gambella
16,Halladegye,39387.5,1372887.514,1748987.399,5185.628927,13.111679,3671643.017,93.21398425,255018.3487,6.474288548,12278.74796,0.311727206,229496.3964,93294.86805,67772.91579,25521.95226,11.12085098,461.4610664,16.4826751,30.10988872,46.18897493,3033548,77,27.394807015485757,34.855919111393206,63.888321,11661.85850625,3190.2440325,Net expansion,Low,Halladegye
17,Queen Elizabeth,6397.86,1194237.947,1645447.123,3785.591451,58.90489234,526194.2145,82.24724173,79148.73963,12.37141219,34428.3056,5.381346079,43083.37831,49169.21292,13110.05956,36059.15336,83.69620669,1139.153996,85.88981714,50.20275829,90.95017218,346774,54.2,37.782183787867865,186.66209435655048,-4.704892340000001,6146.151615,4507.39417,Net expansion,High,Queen Elizabeth
18,Moukalaba-Doudou,15504.8,20886.59236,28354.36431,7298.523444,46.863786760000004,1542336.94,99.87027637,1029.653005,0.066672675,973.7213392,0.063050956,1445.003107,595.5125403,1010.862642,-415.3501015,-28.74388986,1885.388923,328.7521991,434.848301,84.93202557,1340883,86.5,35.753902892755086,1.347104919766782,39.63621324,74.4390675375,-51.9187626875,Net contraction,High,Moukalaba-Doudou
19,Gola-Tiwai,40835.3,2642661.771,3309781.735,10726.15093,26.15579797,4061393.757,99.45894455,1339.915036,0.032813005,20754.01771,0.508242446,997.9763869,1130.913886,788.9752368,341.9386489,34.26320035,2627.782286,179.1901675,729.3443072,99.25273723,812480,19.9,25.244243183930315,64.71513056105869,-6.25579797,141.36423575,42.7423311125,Net expansion,High,Gola-Tiwai
20,Kafue,61213.6,402564.3624,575685.7944,21919.90315,35.68062117,6004827.642,98.09806979,113386.6617,1.852345033,3035.232716,0.049585182,76788.62561,66314.30566,29716.26955,36598.03612,47.66075161,906.7996497,37.43716544,215.765479,93.81510709,5391455,88.1,43.00465917248319,6.576387639348119,52.41937882999999,8289.2882075,4574.754515,Net expansion,Medium,Kafue
21,Kalahari,74513.1,4790.670421,5074.197627,55064.81325,73.72652684,7448965.956,99.98768468,586.4026704,0.0078713,331.0746703,0.004444025,85.56854916,540.7644315,39.93031025,500.8341212,585.3016396,360.5768565,8.689459486,38.37732096,59.13321561,5460740,73.3,5.918320007094468,0.06429299574168837,-0.4265268400000082,67.5955539375,62.60426515,Net expansion,Low,Kalahari
22,Luangwa,71451.7,904438.028,1042292.034,22324.23511,31.12281594,6756133.692,94.55686533,366793.7877,5.133538259,22120.81296,0.309596409,150570.7779,246129.1,29906.09019,216223.0098,143.60224,930.5782766,29.78702921,210.3588229,98.45456036,5667670,79.3,15.241951546955512,12.658033720681244,48.17718406,30766.1375,27027.876225,Net expansion,Medium,Luangwa
23,Niassa,24472.3,60154.24164,62365.04535,21405.64069,87.13048112,2443786.924,99.86051019,2664.050039,0.108861126,749.5453052,0.030628684,1411.148414,2562.684791,1309.783166,1252.901625,88.78595705,1046.684632,32.82589564,80.485714,99.80311527,2254234,92.1,3.67522497121784,2.458054275241804,4.969518879999995,320.335598875,156.612703125,Net expansion,Medium,Niassa
24,Okavango,27679.4,67002.35226,80198.63246,13173.03318,47.4496358,2752234.892,99.43270049,3128.060854,0.113010535,12574.4343,0.454288972,12674.39836,1754.764026,11301.10153,-9546.337508,-75.31984742,443.094726,7.113871115,16.46294574,83.35826217,426530,15.4,19.695249129153474,2.4206576826087267,-32.049635800000004,219.34550325,-1193.2921885,Net contraction,Low,Okavango
25,Luengue-Luiana and Mavinga,84629.9,60167.51979,85044.82388,12.9288077,0.015225508,8458839.716,99.9523568,2180.983665,0.025771201,1850.999524,0.021872003,3324.308188,1133.560442,2276.884964,-1143.324522,-34.39285583,691.3780157,12.06102856,96.0951259,93.82753785,5609630,66.3,41.34673354798093,0.7109487284045001,66.284774492,141.69505525,-142.91556525,Net contraction,Low,Luengue-Luiana and Mav...
26,Virungas,7449.43,2970157.446,3927159.263,3981.265174,53.20528076,579906.5195,79.15882202,90393.41082,12.33894719,62286.16018,8.502230794,81615.44459,26262.38097,24503.62823,1758.752741,2.154926375,1332.978018,69.75614097,50.02605515,95.84014126,359197,48.2,32.22057531962903,398.70935709175063,-5.005280759999998,3282.79762125,219.844092625,Net expansion,High,Virungas
27,Maasai-Steppe,22195.2,1151429.223,1378225.707,4166.742433,18.69057797,1857602.025,83.7035293,340302.1047,15.33400955,21359.55066,0.962461146,257392.0635,131648.1529,48824.83828,82823.31458,32.17788205,679.0802057,36.51222955,63.17586774,77.61379846,1423109,64.1,19.69695396553262,51.8773979509083,45.409422029999995,16456.0191125,10352.9143225,Net expansion,Medium,Maasai-Steppe
28,Parc W-Dosso,40166,1183302.146,1455068.58,16168.41315,40.09583635,3961139.056,98.61912011,47363.13646,1.179183759,8101.334076,0.201696135,58620.1913,33853.38082,45110.43567,-11257.05484,-19.20337445,895.7569132,8.461969498,23.23899583,68.10480928,2838160,70.7,22.966782822009698,29.460293432256137,30.604163650000004,4231.6726025,-1407.131855,Net contraction,Low,Parc W-Dosso
29,South-Eastern Lowveld in Zimbabwe,101559,837877.8851,882975.0911,19356.32881,19.01175831,9770929.595,96.2095802,348463.6493,3.431151672,36486.8399,0.359268124,200499.7432,179397.3294,31433.42328,147963.9062,73.79755396,551.7990276,15.03214124,133.3966991,87.1612659,5341590,52.6,5.382312482757281,8.250158874151971,33.588241690000004,22424.666175,18495.488275,Net expansion,Low,South-Eastern Lowveld ...
30,Simien,6989.41,719075.7595,863156.0819,1182.099221,16.84893122,561262.5754,80.30385223,130934.4026,18.73372175,6726.622549,0.962426014,79118.07024,60605.768,8789.435664,51816.33234,65.49241176,1059.486403,28.59235951,17.29045492,86.19356637,48610,7,20.03687657336472,102.88075238110227,-9.84893122,7575.721,6477.0415425,Net expansion,Medium,Simien
31,Selous-Kilombero,94348,1417252.117,1841901.291,51993.85136,54.87950711,9260245.942,98.20850326,137567.1213,1.458952729,31356.13728,0.332544009,93300.58885,68139.58447,23922.25749,44217.32698,47.39233431,1174.970059,53.59183679,498.6899663,98.21779997,7102600,75.3,29.962853391172594,15.021538527578752,20.42049289,8517.44805875,5527.1658725,Net expansion,High,Selous-Kilombero
32,Tsavo-Mkomazi,45148.4,793196.8506,923567.5132,24347.38393,53.68846613,4426558.309,98.04838384,64382.36803,1.426071158,23726.60848,0.525545007,60165.13362,32090.9551,27873.72069,4217.234409,7.009432466,634.4203398,27.34897215,88.95151905,71.72012741,2629850,58.2,16.436104417381816,17.568659146282037,4.511533870000001,4011.3693875,527.154301125,Net expansion,Medium,Tsavo-Mkomazi
33,Masai Mara,39666.8,1530169.283,1786940.156,27127.30241,68.08420929,3376940.998,85.13376584,554060.1161,13.96803326,35628.30091,0.898200895,460588.1196,156598.2128,63132.41605,93465.7967,20.29270681,856.0984697,21.80930719,55.27538942,63.61063493,2869920,72.4,16.780553357899283,38.575566544314135,4.315790710000002,19574.7766,11683.2245875,Net expansion,Low,Masai Mara
34,Campo-Ma'an,8930.54,122826.0333,138037.4692,2604.476,29.03402911,859827.5649,99.89982781,34.68584844,0.004030006,827.4859255,0.096142186,37.21124172,34.68584844,37.21124172,-2.525393282,-6.786640717,2177.852681,332.8934274,273.497823,91.58737277,322028,36.1,12.384537293365474,13.753483361588435,7.065970890000003,4.335731055,-0.31567416025,Net contraction,High,Campo-Ma'an
35,Murchison Falls,8727.45,727330.6171,1037266.7,5613.399357,64.03319738,765585.4234,87.72331435,96619.58555,11.07099223,10522.41716,1.205693421,62058.5039,47431.40752,12870.32587,34561.08165,55.69112931,1256.267553,46.21064619,37.52298615,92.62636029,561951,64.4,42.61281948170581,83.3382737340231,0.3668026200000014,5928.92594,4320.13520625,Net expansion,High,Murchison Falls
36,Maringa-Lopori-Wamba,72368.4,1458746.145,1973378.993,8642.733934,11.88935195,7227654.301,99.87359286,2212.900066,0.030578424,6934.9343930000005,0.095828714,1055.198407,1474.263648,316.5619888,1157.701659,109.7141212,1917.558523,331.3906185,2408.726334,99.98947567,538160,7.4,35.279123085531786,20.157225322101915,-4.48935195,184.282956,144.712707375,Net expansion,High,Maringa-Lopori-Wamba
37,Bili Uele,78573.2,500591.4862,664749.721,43160.23989,54.68863975,7853055.285,99.94645323,248.7486739,0.003165844,3958.561654,0.050380926,334.3941593,168.2526641,253.8981495,-85.64548543,-25.61213557,1636.632832,207.8543095,1638.666404,99.89523849,4323110,55,32.79285391889672,6.371020732259854,0.3113602499999999,21.0315830125,-10.70568567875,Net contraction,High,Bili Uele
38,Lake Mburo,2006.77,293906.8078,448037.7525,401.0602995,19.89608485,160360.2011,79.91207373,36092.04992,17.98570054,4218.553285,2.102225733,14822.76445,25116.92534,3847.639863,21269.28548,143.4906798,955.4664596,20.36186823,3.977501295,96.90599783,42859,21.4,52.44211451028525,146.4576447724453,1.5039151499999974,3139.6156675,2658.660685,Net expansion,Low,Lake Mburo
39,Kidepo-Imatong,135004,17100926.4,23170010.25,23107.04689,17.04004692,11312192.11,83.82498745,1819664.287,13.4839768,363155.59620000003,2.691035742,1518575.346,591345.668,290275.3482,301070.3198,19.8258401,999.1580185,32.26286191,370.3592701,84.65384151,2344700,17.4,35.48979574580242,126.66977571034931,0.3599530799999968,73918.2085,37633.789975,Net expansion,Medium,Kidepo-Imatong
40,Dja,36184.1,296913.8053,369787.6447,6329.707627,17.41552057,3612564.018,99.89504156,12.40020275,3.42892e-4,3783.27464,0.104615552,2386.631338,12.40020275,2386.631338,-2374.231135,-99.48043074,1584.787045,398.4276345,1447.9249,99.98834825,775810,21.4,24.54376930246429,8.205642956436668,3.984479429999997,1.55002534375,-296.778891875,Net contraction,High,Dja
41,Faro-Gashaka Gumti,50942.9,652268.5376,704029.1399,14076.59481,27.51540443,4981985.674,97.79757095,103333.4599,2.028460545,8862.271304,0.173968506,56526.73106,65654.02222,18847.29338,46806.72884,82.80459166,1618.415103,55.93624319,274.6059448,95.96103661,1250440,24.5,7.9354743202012,12.80391453176007,-3.0154044300000002,8206.7527775,5850.841105,Net expansion,High,Faro-Gashaka Gumti
42,Mid-Zambezi Valley,55782.8,704642.1081,743376.5523,25754.58246,46.00934941,5275041.116,94.56667773,287226.1672,5.149158801,15850.97427,0.284163468,147094.1104,185480.9052,45360.79595,140120.1093,95.25881688,724.3833618,24.36723944,125.3350903,91.88781536,3791180,68,5.49703796505204,12.63188846920556,21.99065059,23185.11315,17515.0136625,Net expansion,Medium,Mid-Zambezi Valley
